{
  "$schema": "https://developer.microsoft.com/json-schemas/core-build/serve.schema.json",
  "port": 4321,
  "https": true,
  "serveConfigurations": {
    "default": {
      "pageUrl": "https://gcpat.sharepoint.com/sites/TestSPFXFlicker",
      "customActions": {
        "2dde3108-b285-4959-bc3d-bd807e548328": {
          "location": "ClientSideExtension.ApplicationCustomizer",
          "properties": {
            "testMessage": "Test message"
          }
        }
      }
    },
    "spfxMegaMenu": {
      "pageUrl": "https://gcpat.sharepoint.com/sites/TestSPFXFlicker",
      "customActions": {
        "2dde3108-b285-4959-bc3d-bd807e548328": {
          "location": "ClientSideExtension.ApplicationCustomizer",
          "properties": {
            "testMessage": "Test message"
          }
        }
      }
    }
  }
}
