{
  "id": "2dde3108-b285-4959-bc3d-bd807e548328",
  "alias": "SpfxMegaMenuApplicationCustomizer",
  "componentType": "Extension",
  "extensionType": "ApplicationCustomizer",
  "version": "0.0.1",
  "manifestVersion": 2,
  "requiresCustomScript": false,
  "loaderConfig": {
    "internalModuleBaseUrls": [
      "https://localhost:4321/dist/"
    ],
    "entryModuleId": "spfx-mega-menu-application-customizer",
    "scriptResources": {
      "spfx-mega-menu-application-customizer": {
        "type": "path",
        "path": "spfx-mega-menu-application-customizer_937ad3d2ec013dc66946.js"
      },
      "@microsoft/sp-application-base": {
        "type": "component",
        "id": "4df9bb86-ab0a-4aab-ab5f-48bf167048fb",
        "version": "1.12.1"
      },
      "react": {
        "type": "component",
        "id": "0d910c1c-13b9-4e1c-9aa4-b008c5e42d7d",
        "version": "16.9.0"
      },
      "react-dom": {
        "type": "component",
        "id": "aa0a46ec-1505-43cd-a44a-93f3a5aa460a",
        "version": "16.9.0"
      },
      "@microsoft/sp-http": {
        "type": "component",
        "id": "c07208f0-ea3b-4c1a-9965-ac1b825211a6",
        "version": "1.12.1"
      },
      "@microsoft/decorators": {
        "type": "component",
        "id": "f97266fb-ccb7-430e-9384-4124d05295d3",
        "version": "1.12.1"
      }
    }
  }
}